tier,condition,citation,year,title,source,doi_or_id,context,design_n,lbc_type,source_type,flags
A,ASD,"Zhukova, Talantseva, An, & Grigorenko",2023,"Brief report: Unexpected bilingualism: A case of a Russian child with ASD","Journal of Autism and Developmental Disorders, 53(5), 2153-2160",10.1007/s10803-021-05161-y,Russia,"case, n=1 (age 11)","incidental English acquisition via media/internet",peer-reviewed,"online 2021"
A,ASD,"Dumont, Belenger, Eigsti, & Kissine",2024,"Enhanced pitch discrimination in autistic children with unexpected bilingualism","Autism Research, 17(9), 1844-1852",10.1002/aur.3221,"Belgium (French-speaking)","experimental; autistic n=46 (UB n=12) + non-autistic n=45","screen-based English acquisition (unexpected bilingualism)",peer-reviewed,""
A,ASD,"Dumont, Belenger, Destrebecqz, & Kissine",2025,"Exploring unexpected bilingualism in autism: Enhanced sensitivity to non-adjacent dependencies","Developmental Science, 28(4), e70026",10.1111/desc.70026,"Belgium (lab-based inference; verify)","experimental (artificial language learning)","screen-based English acquisition (UB)",peer-reviewed,"possible sample overlap with Dumont et al. 2024"
A,ASD,"Hindi & Meir",2026,"Different paths to multilingualism in autism spectrum disorder (ASD): Naturalistic and non-interactive","Journal of Child Language, 53(2), 343-364",10.1017/S0305000924000540,"Israel (Hebrew L1)","quantitative; n=46 (ASD non-interactive n=14)","non-interactive (screen) English acquisition",peer-reviewed,"online 2025; cite as 2026a"
A,ASD,"Hindi & Meir",2026,"Non-interactive and naturalistic language exposure in autism: An investigation of narrative production in bilingual children","Journal of Communication Disorders, 122, 106650",10.1016/j.jcomdis.2026.106650,Israel,"quantitative; n=54","non-interactive (screen) English acquisition",peer-reviewed,"cite as 2026b; possible sample overlap with 2026a"
A,ASD,"Morales, Reyes Payeras, González Santibáñez, Muñoz, & García",2026,"Paradoxical language dominance in a bilingual child with autism spectrum disorder","International Journal of Bilingualism, 30(2), 603-620",10.1177/13670069251336330,Chile,"case, n=1 (age 11)","English via minimal audiovisual exposure",peer-reviewed,"online 2025"
A,ASD,"Mufidah",2024,"Exploring influential factors and strategies for addressing speech delay of a child with autism spectrum disorder (ASD) in English (L2) language acquisition","Journal on English as a Foreign Language, 14(1), 73-96",10.23971/jefl.v14i1.6580,Indonesia,"case, n=1 (age 6)","media exposure + English interaction at home (self-learning)",peer-reviewed,""
A,ADHD,"Schurz",2026,"Learning on their terms","ITL - International Journal of Applied Linguistics, 177(1), 88-115",10.1075/itl.25021.sch,"not verified","qualitative; university students n=12 (retrospective, secondary school)","extramural English",peer-reviewed,""
A,Dyslexia,"Pfenninger",2016,"Taking L3 learning by the horns: Benefits of computer-mediated intervention for dyslexic school children","Innovation in Language Learning and Teaching, 10(3), 220-237",10.1080/17501229.2014.959962,"Switzerland (English as L3)","quasi-experimental; n=40 (dyslexic trained n=10)","self-directed software designed for private use",peer-reviewed,"PRE-2018"
A,SpLD,"Papadima-Sophocleous & Charalambous",2014,"Impact of iPod Touch-supported repeated reading on the English oral reading fluency of L2 students with specific learning difficulties","The EUROCALL Review, 22(1), 47-58",10.4995/eurocall.2014.3639,"Cyprus (university)","pre-post; n=8","independent out-of-class mobile practice (8 weeks)",peer-reviewed,"PRE-2018"
A,Dyslexia (at-risk),"Alexandra, Artini, & Ana",2025,"Teaching English to second-grade dyslexia-prone students: Perspectives of Y-generation parents on foreign language learning in elementary school","IJLHE: International Journal of Language, Humanities, and Education, 8(1), 83-92",10.52217/ijlhe.v8i1.1769,Indonesia,"qualitative case (parents)","parent-mediated home learning (YouTube, flashcards)",peer-reviewed,"not formally diagnosed"
B,ADHD,"Suhani, Susilawati, & Riyanti",2023,"The informal learning atmosphere exposed to an EFL learner with ADHD in vocabulary mastery","Jurnal Pendidikan dan Pembelajaran Khatulistiwa, 12(7), 1737-1744","no DOI",Indonesia,"likely case study (verify)","informal learning environment",local journal,"full text needed"
B,Dyslexia,"Szatzker",2017,"What makes dyslexic language learners successful in the long run? An exploratory study","Working Papers in Language Pedagogy, 11, 21-41",10.61425/wplp.2017.11.21.41,Hungary,"interviews; adults n=13","language use/learning after formal instruction",working paper,"PRE-2018; full text needed"
B,ASD,"de Carvalho et al.",2022,"Predisposition in the acquisition of the English language in children with autism spectrum disorder compared to motor performance: Cross-sectional study","CIPEEX (conference abstract)",10.37951/2596-15789.cipeex.2022.8509,Brazil,"cross-sectional; n=16","English 'predisposition' (acquisition path unclear)",grey (conference),""
B,ASD,"Mohd Yusoff, Salehuddin, Abdullah, & Toran",2019,"English morphosyntactic performance of a high-functioning ASD child: Implications on ELT","Malaysian Journal of Learning and Instruction, 16(1)",10.32890/mjli2019.16.1.7,"Malaysia (ESL-like context)","case, n=1; 12 months home recordings","child chose English as L1 though not main home language (acquisition route to verify)",peer-reviewed,"EFL status borderline"
B,SpLD,"Valente & Spilabotte",2025,"How can educational apps that rely on AI algorithms help Italian students with SWLDs to simplify EFL?","ISCAH 2025 proceedings, 12, 285-292",10.35603/sws.iscah.2025/s03.30,Italy,"interviews; university students n=8","AI app use (setting to verify)",grey (conference),""
B,Dyslexia,"Joannidou & Sime",2021,"Comics for inclusive English language learning: The CIELL app, supporting dyslexic English language learners","CALL and professionalisation: Short papers from EUROCALL 2021, 161-166",10.14705/rpnet.2021.54.1326,"not verified","design-based research","mobile app for use in and out of class",grey (conference),""
B,Dyslexia,"Coskun",2023,"Vocabulary acquisition in adults with dyslexia","International Journal of Special Education and Information Technologies, 9(1), 10-18",10.18844/jeset.v9i1.9179,"not verified","case, n=1 (adult)","game-based multimedia vocabulary learning (setting unclear)",journal (indexing unverified),"setting to verify"
B,Dyslexia,"Junttila, Smolander, Karhila, Kurimo, & Ylinen",2023,"Non-game like training benefits spoken foreign-language processing in children with dyslexia","Frontiers in Human Neuroscience, 17, 1122886",10.3389/fnhum.2023.1122886,Finland,"quasi-experimental; n=48","digital language-learning game (5 weeks); play location not reported",peer-reviewed,"setting to verify"
B,ASD,"Gagnon, Ostrolenk, & Mottron",2026,"Early manifestations of unexpected bilingualism in minimally verbal autism","Journal of Child Psychology and Psychiatry, 67(5), 652-662",10.1111/jcpp.70032,"likely Canada (verify)","caregiver survey; n=296","unexpected bilingualism (language not specified)",peer-reviewed,"online 2025; may not be an EFL context"
C,ASD,"Kissine, Luffin, Aiad, Bourourou, Deliens, & Gaddour",2019,"Noncolloquial Arabic in Tunisian children with autism spectrum disorder: A possible instance of language acquisition in a noninteractive context","Language Learning, 69(1), 44-70",10.1111/lang.12312,Tunisia,"n=5","Modern Standard Arabic from TV (not English)",peer-reviewed,"conceptual anchor; online 2018"
C,ASD,"Caldwell-Harris",2024,"Passionate about languages, but listening and speaking - ¡Ay, Caramba! Autistic adults discuss foreign language learning","Journal of Multilingual and Multicultural Development, 45(6), 1888-1903",10.1080/01434632.2022.2029869,"online forums (4 languages)","qualitative; 169 posts","self-taught foreign languages",peer-reviewed,"online 2022"
C,ASD,"Angulo-Jiménez, Bonilla-López, & Rojas-Ramírez",2024,"Foreign language learning: The experience of autistic bloggers","Topics in Language Disorders, 44(1), 44-62",10.1097/TLD.0000000000000332,"English L1 bloggers (Spanish/French L2)","qualitative; 14 blog posts","formal and/or self-teaching",peer-reviewed,"target language not English"
C,ASD,"Digard, Sorace, Stanfield, & Fletcher-Watson",2020,"Bilingualism in autism: Language learning profiles and social experiences","Autism, 24(8), 2166-2177",10.1177/1362361320937845,"mainly UK","survey; n=297","language learning histories (mixed settings)",peer-reviewed,"not EFL-specific"
C,ASD,"Nolte, Fletcher-Watson, Sorace, Stanfield, & Digard",2021,"Perspectives and experiences of autistic multilingual adults: A qualitative analysis","Autism in Adulthood, 3(4), 310-319",10.1089/aut.2020.0067,"international online sample","qualitative; n=54","varied learning environments",peer-reviewed,"not EFL-specific"
C,ADHD,"Kałdonek-Crnjaković",2026,"Effects of ADHD on additional language learning and use","Studies in Second Language Acquisition, 48(S1), 162-181",10.1017/S0272263126101533,"Poland (217/226 learned English)","survey; n=226","beliefs about language learning/use (formal vs informal not separated)",peer-reviewed,"not LBC-specific"
R,ASD,"Muharikah, Li, & Roberts",2022,"Scoping review of teaching and learning of English as an additional language among autistic individuals","Malaysian Journal of Learning and Instruction, 19(2)",10.32890/mjli2022.19.2.1,"review","18 studies (to July 2020)","mostly teaching strategies",review,"closest prior review"
R,"ASD, ADHD, ID","Andreou & Argatzopoulou",2025,"Neurodevelopmental disorders and foreign language learning: A systematic review of educational interventions","Review Journal of Autism and Developmental Disorders (advance online)",10.1007/s40489-025-00512-2,"review","interventions only","",review,"no dyslexia; interventions only"
R,ADHD,"Silawi, Degani, & Prior",2025,"Additional language learning in ADHD: A call for research","Applied Psycholinguistics, 46",10.1017/S0142716425100337,"position paper","","classroom focus",position paper,""
R,Neurodivergent,"Blume & Bündgens-Kosten",2024,"The role of digitality for neurodivergent English language learners","Arbeiten aus Anglistik und Amerikanistik, 48(2), 213-237",10.24053/aaa-2023-0012,"","","",journal article,"abstract not verified"
R,ASD,"Megat Khalid, Kussin, & Ang",2026,"Developing autistic children's ESL learning experiences: Parents' challenges and needs in rural areas","Arab World English Journal, 17(1), 267-291",10.24093/awej/vol17no1.17,"Malaysia (Sabah, Sarawak)","narrative review","parent-mediated English at home",review,""
X,"ASD, ADHD","Blaskovich & Kormos",2026,"Neurodiverse perspectives on learning English in a secondary school context","ELT Journal, 80(3), 309-320",10.1093/elt/ccag011,Austria,"interviews; students n=9 + teachers n=8","in-school only",peer-reviewed,"excluded: classroom"
X,ASD,"Cancino & Tomicic",2023,"English as a foreign language (EFL) reading metacognition awareness in Chilean learners with autism spectrum condition","TESL-EJ",10.55593/ej.26104a12,Chile,"n=27","classroom reading",peer-reviewed,"excluded: classroom"
X,Dyslexia,"Eden & Shmila",2022,"Improving vocabulary in English as a foreign language among students with dyslexia using hybrid technology","Journal of Educational Computing Research",10.1177/07356331221117084,Israel,"n=106","school-based app intervention",peer-reviewed,"excluded: classroom"
X,Dyslexia,"Jarsve & Tsagari",2022,"Dyslexia and English as a foreign language in Norwegian primary education: A mixed methods intervention study","Center for Educational Policy Studies Journal",ERIC EJ1380219,Norway,"n=5","classroom multisensory intervention",peer-reviewed,"excluded: classroom"
K,ASD,"이미숙",2014,"자폐성장애아동의 영어 학습 및 웹기반 영어 학습 특성에 대한 질적연구","특수아동교육연구, 16(2)",RISS,Korea,"case (n=1)","web-based English learning observed in an English lesson",KCI,"borderline (classroom); PRE-2018"
K,ASD,"김민정 & 승혜경",2015,"A longitudinal study of the acquisition of English speech sounds by a minimally verbal child with ASD","Communication Sciences and Disorders",RISS,Korea,"case (n=1)","English was main language at home and school",KCI,"excluded: not EFL; PRE-2018"
